feature,importance
title_sentiment,0.5134265803554359
review_length,0.33763668789308426
month,0.10436069384715697
year,0.04457603790432284
